1459772454021876096,2163172,0.0,0.0,0.0,0.0,0.0,0.0
1459772454103430032,41641950,0.0,0.0,0.0,0.000833013406961,0.00661016958578,2.76491927246
1459772454105771064,375986,0.0,0.0,0.0,0.000869797118636,0.00660668520111,2.51361634815
1459772454126851081,331163,0.0,0.0,0.0,0.00178526298714,0.00660536141467,2.76495869422
1459772454145917892,320911,0.0,0.0,0.0,0.00222861964498,0.00660619593716,2.89063430663
1459772454165925979,348091,0.0,0.0,0.0,0.0025929501889,0.00660530268835,2.89064874836
1459772454185870885,329971,0.0,0.0,0.0,0.0037449461967,0.00660340968982,2.89068075174
1459772454205876111,324010,0.0,0.0,0.0,0.00577158971652,0.00660460006418,2.95352340978
1459772454243936061,952959,0.0,0.0,0.0,0.00653939736624,0.00660628434478,2.76498772605
1459772454247677087,1597166,0.0,0.0,0.0,0.00773717553812,0.00661017557788,2.8279355888
1459772454266453981,602961,0.0,0.0,0.0,0.00724666940134,0.00661141105333,2.76513715153
1459772454285849094,313997,0.0,0.0,0.0,0.00516541660796,0.00661284099459,2.57672729337
1459772454305843114,326156,0.0,0.0,0.0,0.00641471349224,0.00661493754425,2.57667480379
1459772454326574087,544072,0.0,0.0,0.0,0.00770796603982,0.00661525761807,2.70234444072
1459772454346093893,494004,0.0,0.0,0.0,0.00844963618745,0.00662094602612,2.57664658882
1459772454366507053,669003,0.0,0.0,0.0,0.00823789329922,0.00661805511118,2.76507509784
1459772454385984897,442982,0.0,0.0,0.0,0.00628287052798,0.00662271133705,2.9535758327
1459772454406119108,474215,0.0,0.0,0.0,0.0049741987405,0.00662797163172,2.89075443323
1459772454462404966,36849022,0.0,0.0,0.0,0.00606215825085,0.00662907146268,2.95363273247
1459772454469500064,6051063,0.0,0.0,0.0,0.00458087293736,0.00797823219581,2.7022388515
1459772454478976964,6896972,0.0,0.0,0.0,-0.00318582248268,0.00635681472387,2.32517883603
1459772454493827104,8228064,0.0,0.0,0.0,-0.00444497423838,0.014865052543,1.9487660729
1459772454511279106,5641222,0.0,0.0,0.0,-0.00236649030828,0.0195120357864,1.44637574133
1459772454530122041,4496097,0.0,0.0,0.0,-0.0145602843897,0.0165259774615,1.76043139149
1459772454550729990,5233050,0.0,0.0,0.0,-0.0158850445376,0.0191558952761,1.94875782488
1459772454571173906,5609989,0.0,0.0,0.0,-0.0158748061213,0.0180990850823,1.63501805623
1459772454591742038,6207943,0.0,0.0,0.0,-0.0207115972827,0.0178765305298,1.13230538337
1459772454608834981,3279924,0.0,0.0,0.0,-0.0173817270894,0.019406861738,1.50935723845
1459772454630728960,5091906,0.0,0.0,0.0,0.000867052981407,0.0256938950106,1.06965744272
1459772454653095960,7494926,0.0,0.0,0.0,-0.00175157201003,0.0301029851051,1.57209345945
1459772454671905994,6345987,0.0,0.0,0.0,-0.00233715716241,0.0289057145159,1.88622606219
1459772454690557003,4776001,0.0,0.0,0.0,-0.00030613809059,0.0310809736715,2.26308048261
1459772454713157892,7475853,0.0,0.0,0.0,0.00364405214733,0.0293896348214,2.26286491107
1459772454733216047,7728100,0.0,0.0,0.0,0.00333988358478,0.0330608962215,2.01159109117
1459772454751301050,5732060,0.0,0.0,0.0,0.00564763811156,0.0297649504462,1.69760976582
1459772454770970106,5211115,0.0,0.0,0.0,0.00774178079884,0.0283156896377,1.32077972215
1459772454793382883,7831812,0.0,0.0,0.0,0.00249888386082,0.0274802929442,1.00671369254
1459772454812171936,6639958,0.0,0.0,0.0,0.0113122950546,0.030022420858,1.50942432353
1459772454830204010,4643918,0.0,0.0,0.0,0.00454029102154,0.0294548098746,2.26306623062
1459772454850280046,4750967,0.0,0.0,0.0,0.00114649254931,0.0263914886311,2.2001092042
1459772454869218111,3600121,0.0,0.0,0.0,-0.00441493618971,0.0255669248763,2.01160064188
1459772454892077922,6517887,0.0,0.0,0.0,0.0136557813683,0.0328059513446,1.82319020785
1459772454911034107,5447150,0.0,0.0,0.0,0.0123767301944,0.0306242757639,1.94866598799
1459772454930692911,5087853,0.0,0.0,0.0,0.011741041044,0.0304215580744,2.45138536122
1459772454962325096,16821146,0.0,0.0,0.0,0.00565290924322,0.0282403638217,1.57175773282
1459772454973264932,7720947,0.0,0.0,0.0,0.00265886595971,0.0260863711424,2.01159671217
1459772454993860960,7735014,0.0,0.0,0.0,-0.00827207205204,0.0266426341624,1.25775271032
1459772455010988950,5470037,0.0,0.0,0.0,0.00648222424208,0.0289781130133,1.63471326789
1459772455031150102,5601168,0.0,0.0,0.0,-0.00685440514449,0.0280046382518,1.00672248618
1459772455052181005,6007910,0.0,0.0,0.0,-0.0155066694918,0.0243851695917,0.818186786462
1459772455073652982,8053064,0.0,0.0,0.0,-0.0161665740847,0.0235158236957,0.755402802615
1459772455092313051,6757021,0.0,0.0,0.0,-0.0254101707306,0.0207167102206,1.44649055552
1459772455111540079,5962134,0.0,0.0,0.0,-0.0162130804768,0.0250870258272,1.69783345371
1459772455128529071,2915144,0.0,0.0,0.0,-0.0160165138369,0.0289748847928,2.13733323426
1459772455152767896,7066965,0.0,0.0,0.0,-0.00167554582665,0.0316726276825,2.51410993034
1459772455173655986,8059978,0.0,0.0,0.0,-0.0085274543115,0.0291687109518,2.95373063292
1459772455191464900,5942821,0.0,0.0,0.0,-0.00827511038779,0.0306620159255,2.70268225315
1459772455211261034,5661965,0.0,0.0,0.0,-0.00655591289182,0.0325789339253,2.70272183493
1459772455231451988,5865097,0.0,0.0,0.0,-0.00572542855226,0.0311151491219,2.32578625692
1459772455252651929,7112026,0.0,0.0,0.0,-0.00643049699174,0.0295333869556,1.76033670986
1459772455271482944,5947828,0.0,0.0,0.0,-0.0137534206139,0.0286099091461,2.32555026114
1459772455292890071,7321119,0.0,0.0,0.0,0.00651323914144,0.0324438589273,1.94872705124
1459772455310786962,5230904,0.0,0.0,0.0,0.0122906922446,0.0354279352339,1.69748456715
1459772455330826044,5294085,0.0,0.0,0.0,0.0240910438929,0.037072640417,1.69757731643
1459772455350752115,5113125,0.0,0.0,0.0,0.0245126895379,0.0339856480566,1.63461718743
1459772455370903015,5337000,0.0,0.0,0.0,0.027237830572,0.0343128455166,1.76037230208
1459772455392366886,6788969,0.0,0.0,0.0,0.0172016792346,0.0308147565579,2.01176963472
1459772455411300897,5749941,0.0,0.0,0.0,0.0313431032143,0.0341392991271,2.19997110418
1459772455431492090,5871058,0.0,0.0,0.0,0.0244423229565,0.0326417923296,2.70235695205
1459772455451433897,5910874,0.0,0.0,0.0,0.0195127865551,0.0290257007748,3.0161884079
1459772455471560001,6004095,0.0,0.0,0.0,0.00231225983301,0.0255194899913,3.26735990671
1459772455491332054,5707026,0.0,0.0,0.0,-0.00121932757863,0.0231693914963,3.58129262956
1459772455509891033,4286051,0.0,0.0,0.0,-0.00707553336531,0.0197697049354,3.51836403856
1459772455531517982,5959988,0.0,0.0,0.0,-0.0135713064831,0.0196646888846,3.58132455767
1459772455551650047,5846024,0.0,0.0,0.0,-0.019041411109,0.0189200173258,3.2047258059
1459772455573707103,8150100,0.0,0.0,0.0,-0.0244944096321,0.0160579846818,3.89580393281
1459772455590873003,5300046,0.0,0.0,0.0,-0.0170665678484,0.0203075726104,3.14198859777
1459772455610094070,4515171,0.0,0.0,0.0,-0.017857885415,0.0189305842366,3.58149152441
1459772455633492946,7882833,0.0,0.0,0.0,-0.0166899690693,0.0181930275442,3.51867484038
1459772455650815010,5186081,0.0,0.0,0.0,-0.0151124131363,0.0179715644511,3.39296556087
1459772455673894882,7920981,0.0,0.0,0.0,-0.0089320616514,0.0177698578452,3.64411486731
1459772455691726922,6175994,0.0,0.0,0.0,0.00419047253743,0.0214041844672,3.07886227523
1459772455710325002,4669905,0.0,0.0,0.0,0.00412589277909,0.0222502346791,3.20452305538
1459772455731041908,5445004,0.0,0.0,0.0,0.0116209721115,0.0243692715419,2.82794251155
1459772455753045082,7467032,0.0,0.0,0.0,0.00959400468159,0.0240479123191,2.89055784452
1459772455771673917,6032943,0.0,0.0,0.0,0.00531458424718,0.021074841492,3.01615083632
1459772455791234016,5527973,0.0,0.0,0.0,0.00982985835075,0.0263899672134,3.20462527197
1459772455813201904,7220984,0.0,0.0,0.0,0.0126294322051,0.0298094587257,3.01629848089
1459772455831346035,5717040,0.0,0.0,0.0,0.0128342599066,0.0312019774686,3.0160402252
1459772455853902101,7096052,0.0,0.0,0.0,0.00924407578158,0.0339634138849,2.70199256624
1459772455870795011,5213976,0.0,0.0,0.0,0.00980648245283,0.0362025730277,2.57627263856
1459772455891518115,5732059,0.0,0.0,0.0,0.00670757174203,0.0321838052771,2.57630347741
1459772455910145998,4276991,0.0,0.0,0.0,0.0116044485957,0.0357922792472,2.95325905819
1459772455930900096,5298137,0.0,0.0,0.0,0.00952895738298,0.0331406011491,2.45105122967
1459772455951560020,5952120,0.0,0.0,0.0,0.00572525133848,0.0305839772196,2.89075392565
1459772455970717906,5110979,0.0,0.0,0.0,0.0140416640713,0.0355870354133,2.38838716159
1459772455991394042,5846023,0.0,0.0,0.0,0.00438682418475,0.0276191569957,2.3257501739
1459772456009311914,3665924,0.0,0.0,0.0,0.00767533851863,0.030820590943,2.13754067979
1459772456032821893,7194996,0.0,0.0,0.0,0.00622173552993,0.0245405454405,2.0119092295
1459772456052308082,6606102,0.0,0.0,0.0,0.0172496326803,0.0261420729878,1.88635068699
1459772456074559926,8822917,0.0,0.0,0.0,0.0209058299923,0.0317843639809,1.6981227856
1459772456091941118,6021023,0.0,0.0,0.0,0.0127030270744,0.0286989617076,2.26316757357
1459772456111212968,5554914,0.0,0.0,0.0,-0.000853025374691,0.0256000999649,1.8234957669
1459772456138302087,3229141,0.0,0.0,0.0,-0.00229961311568,0.0278333670332,1.76081617946
1459772456156439065,10806083,0.0,0.0,0.0,-0.000373333136999,0.0264449578362,1.50958574566
1459772456169361114,3751040,0.0,0.0,0.0,0.0109892796579,0.0326051578789,1.57227147631
1459772456191296100,5720138,0.0,0.0,0.0,0.0120817429405,0.0322649836762,1.57245444527
1459772456211720943,5836964,0.0,0.0,0.0,0.0110826104525,0.0335356840809,1.82345978858
1459772456232352018,5393982,0.0,0.0,0.0,0.0165879373624,0.0373740552192,2.07464728671
1459772456250988006,5382061,0.0,0.0,0.0,0.0148111659408,0.0364171031533,2.51419370732
1459772456270673990,5119086,0.0,0.0,0.0,0.0164163568541,0.0358881598021,2.32589621467
1459772456291449069,5721092,0.0,0.0,0.0,0.00978176743048,0.0334137403366,1.63516206206
1459772456309051036,3082037,0.0,0.0,0.0,0.0104010511311,0.0305541677766,1.57243940415
1459772456332596063,7055044,0.0,0.0,0.0,0.0166500352094,0.0250415673359,1.76090569159
1459772456351072072,5453109,0.0,0.0,0.0,0.0188755538147,0.0233239448725,1.50958547482
1459772456370062112,4510164,0.0,0.0,0.0,0.0237835912651,0.0271487374871,1.76098710936
1459772456394804000,8958101,0.0,0.0,0.0,0.0293270396164,0.0277935988223,1.50974500986
1459772456410931110,5393028,0.0,0.0,0.0,0.0342403809272,0.0262078063199,1.76087980693
1459772456430994033,5234003,0.0,0.0,0.0,0.03455266383,0.0285328377943,1.63532524193
1459772456451998949,6254912,0.0,0.0,0.0,0.0407832682078,0.0244974903057,1.50990458752
1459772456469918012,4287958,0.0,0.0,0.0,0.0425316207631,0.0248146326081,1.25860733377
1459772456490772962,5156040,0.0,0.0,0.0,0.042066842952,0.0285313176308,1.44701705911
1459772456511836051,6211042,0.0,0.0,0.0,0.0391754122203,0.0261858174631,1.57268964479
1459772456533257961,7686854,0.0,0.0,0.0,0.0358758845016,0.0234178560261,1.07023611564
1459772456550687074,5144119,0.0,0.0,0.0,0.0351917177666,0.027866905795,1.38430002475
1459772456572119951,5600930,0.0,0.0,0.0,0.0259427136833,0.032018804534,1.25860860088
1459772456590924024,5382061,0.0,0.0,0.0,0.0366615122522,0.0325423155011,0.944393620099
1459772456611059904,5304814,0.0,0.0,0.0,0.0367455527603,0.0357597166653,1.50929676567
1459772456630315065,4765034,0.0,0.0,0.0,0.0438082816367,0.0352375833077,2.26292947947
1459772456652844905,7299900,0.0,0.0,0.0,0.0381118435641,0.037156204437,2.01165419033
1459772456671328067,5779981,0.0,0.0,0.0,0.0489212900134,0.0349195192482,1.25818517461
1459772456689816951,4204035,0.0,0.0,0.0,0.0593920514044,0.0322977656048,1.50963393667
1459772456712212085,6510973,0.0,0.0,0.0,0.0624672450786,0.0370611921762,1.82336685573
1459772456729974031,4369021,0.0,0.0,0.0,0.0565509627395,0.034413166695,2.07459577136
1459772456751005887,5387783,0.0,0.0,0.0,0.0541133196285,0.0307243076718,1.69767345377
1459772456770978927,5429983,0.0,0.0,0.0,0.0541379756749,0.0307327555364,2.3257184035
1459772456790709018,5124092,0.0,0.0,0.0,0.0550879510838,0.0349481124276,2.57668751649
1459772456811229944,5666971,0.0,0.0,0.0,0.0520823852117,0.0354414395054,2.45113677451
1459772456832240104,6681204,0.0,0.0,0.0,0.0539551461828,0.0311985439425,2.0742596745
1459772456853225946,7631064,0.0,0.0,0.0,0.0497908481316,0.0322529279241,1.7602717161
1459772456872903108,7204056,0.0,0.0,0.0,0.0612904776935,0.0365089597158,2.45082810224
1459772456891329050,5753994,0.0,0.0,0.0,0.0715073872055,0.0348870351827,2.57673827882
1459772456911037921,5461931,0.0,0.0,0.0,0.0723140653157,0.0406933864349,3.14160368312
1459772456934003114,8429050,0.0,0.0,0.0,0.0722783553896,0.0412326538622,3.26732761628
1459772456951517105,5974055,0.0,0.0,0.0,0.0572056342379,0.0364223844702,2.51457237194
1459772456971616983,6005049,0.0,0.0,0.0,0.0671814126166,0.0343204012543,2.32620399099
1459772456991133928,5503893,0.0,0.0,0.0,0.0725662502384,0.0390401683772,2.76570601385
1459772457010097980,4535913,0.0,0.0,0.0,0.0702801866998,0.040629839623,2.38926825627
1459772457031450033,5932093,0.0,0.0,0.0,0.0633739155654,0.0422204406657,1.88712794099
1459772457053251981,7588863,0.0,0.0,0.0,0.0574331857192,0.0422707449491,1.1971759472
1459772457073806047,8279085,0.0,0.0,0.0,0.0654445110441,0.0443697379299,1.63642131454
1459772457091707944,6157875,0.0,0.0,0.0,0.0611499078236,0.0454802019564,1.38561680994
1459772457114046096,8527994,0.0,0.0,0.0,0.0608148161331,0.0472183321944,1.19769388871
1459772457128896951,3335953,0.0,0.0,0.0,0.0591827861265,0.0466673396461,1.19746801957
1459772457149094104,3555059,0.0,0.0,0.0,0.0609568404174,0.0478628489798,1.26027633478
1459772457172054052,6484032,0.0,0.0,0.0,0.0658550154808,0.0474034593341,1.19735932115
1459772457191498041,5926133,0.0,0.0,0.0,0.0640884800454,0.0485080692969,1.51171079059
1459772457211488962,5706072,0.0,0.0,0.0,0.0629431273281,0.0474842580525,1.57435599905
1459772457230477094,4890203,0.0,0.0,0.0,0.0631844966302,0.0454026114256,1.19808694054
1459772457253753900,8118868,0.0,0.0,0.0,0.0712693249702,0.0471177287473,1.57476894351
1459772457269609928,4042864,0.0,0.0,0.0,0.0800629079637,0.0471803938843,1.76316677383
1459772457290493965,4905939,0.0,0.0,0.0,0.0816343611297,0.0461519862836,1.32336982093
1459772457313024044,7454157,0.0,0.0,0.0,0.0792919969638,0.0450580323419,1.00988849508
1459772457331639051,6031036,0.0,0.0,0.0,0.0769205162467,0.0477116589923,0.947104155121
1459772457351958990,6328106,0.0,0.0,0.0,0.0759229690116,0.0478338168089,1.13578267354
1459772457374068975,8471966,0.0,0.0,0.0,0.0813407618023,0.0478904305327,1.44965842589
1459772457391885995,6299018,0.0,0.0,0.0,0.0848390237848,0.0500546166185,1.8891874244
1459772457411567926,6018877,0.0,0.0,0.0,0.0893115439602,0.0501036759713,1.82619371788
1459772457430449962,4776001,0.0,0.0,0.0,0.0897925711759,0.0501746962795,1.38679319801
1459772457460681915,15120030,0.0,0.0,0.0,0.0987144483198,0.0502767752694,1.44999081204
1459772457470937967,5341053,0.0,0.0,0.0,0.103433566081,0.0503320183117,1.13597366163
1459772457491056919,5371809,0.0,0.0,0.0,0.114035575715,0.0504770466528,1.01034612896
1459772457508850097,3208160,0.0,0.0,0.0,0.116854436878,0.050425348859,1.13586222769
1459772457534856081,9239197,0.0,0.0,0.0,0.122630235013,0.0505382950637,0.947319439117
1459772457552717924,7130862,0.0,0.0,0.0,0.132783728222,0.0506375173465,0.759230364077
1459772457571635961,6003857,0.0,0.0,0.0,0.145234606293,0.0507684041174,0.6338218058
1459772457592572927,6976843,0.0,0.0,0.0,0.158085262425,0.050827985442,0.508091053774
1459772457611021995,5440950,0.0,0.0,0.0,0.162422160386,0.0511028465751,0.320184499817
1459772457632819890,7243871,0.0,0.0,0.0,0.178021124869,0.0510468354469,0.507927142897
1459772457651215076,5575180,0.0,0.0,0.0,0.189567013857,0.0510480959922,0.758971973037
1459772457675765991,8478880,0.0,0.0,0.0,0.199192844044,0.051171748449,0.445275918456
1459772457691612005,6056071,0.0,0.0,0.0,0.20425736763,0.0513218012274,0.382536025016
1459772457711174011,5414963,0.0,0.0,0.0,0.210590018999,0.0513805638185,0.508350429136
1459772457730451107,4832030,0.0,0.0,0.0,0.223128467473,0.0514782556689,0.382778753825
1459772457750157117,4589080,0.0,0.0,0.0,0.240017772376,0.0515227605974,0.445304240581
1459772458453035116,-312654972,0.0,0.0,0.0,0.251587531626,0.0516618417259,0.759277665997
1459772546444470882,2370834,0.0,0.0,0.0,0.0,0.0,0.0
1459772546478250026,339031,0.0,0.0,0.0,0.00139031093869,0.00318036559123,3.14163106724
1459772546483299970,331879,0.0,0.0,0.0,-9.72421068378e-05,0.00317976288021,3.14162489918
1459772546502474069,279188,0.0,0.0,0.0,-0.000736456428285,0.00318048293727,3.33008378693
1459772546523384094,355006,0.0,0.0,0.0,-0.00085497388253,0.00317851084173,3.45569806555
1459772546542584896,353814,0.0,0.0,0.0,0.00016939300032,0.00317845150024,3.26723547331
1459772546562397003,149966,0.0,0.0,0.0,0.00101116871137,0.0031766588867,3.14164886555
1459772546583415985,367880,0.0,0.0,0.0,0.00101917120175,0.00317863502609,3.20453648297
1459772546603480100,421047,0.0,0.0,0.0,0.00208357685816,0.00317545599098,3.1417016089
1459772546623159885,101805,0.0,0.0,0.0,0.00241596384579,0.00317407675477,3.14174443071
1459772546642790079,571967,0.0,0.0,0.0,0.00214009345101,0.00317300068064,3.26737323939
1459772546666032075,429153,0.0,0.0,0.0,0.00139654347588,0.00317559701547,3.39297722694
1459772546682719945,473022,0.0,0.0,0.0,0.00132292006906,0.00317354448698,3.3929352899
1459772546702529907,321865,0.0,0.0,0.0,0.00223918186053,0.00317030081719,3.58134287415
1459772546722589015,416994,0.0,0.0,0.0,0.00297000464115,0.00316640689977,3.51847708166
1459772546743381023,360966,0.0,0.0,0.0,0.00248469950634,0.0031661010428,3.58134373918
1459772546764269113,2072096,0.0,0.0,0.0,0.00252541120325,0.00316472931863,3.45571284556
1459772546785676002,3392935,0.0,0.0,0.0,0.00672841645525,0.00541451157082,3.1416310329
1459772546805201053,2943039,0.0,0.0,0.0,-0.00485615296203,0.00212809189015,3.7068799964
1459772546830589056,8372069,0.0,0.0,0.0,-0.015431895234,-0.00427403654837,4.08329014088
1459772546845493078,3272057,0.0,0.0,0.0,-0.0197482214099,-0.00600410160171,4.33432265758
1459772546869313001,6989956,0.0,0.0,0.0,-0.0126520673195,-0.00305622690851,3.83197671715
1459772546885420083,3174066,0.0,0.0,0.0,-0.00823870545876,-0.00132160971433,4.0204391424
1459772546906779050,4114151,0.0,0.0,0.0,-0.0105985819978,-0.000364149133916,3.45529308113
1459772546925383090,3087997,0.0,0.0,0.0,-0.00777978216665,-0.000231667686423,3.32940894511
1459772546949457883,7205963,0.0,0.0,0.0,-0.00874714260423,-0.00192803725892,2.95272402571
1459772546966384887,2997875,0.0,0.0,0.0,-0.0103029700728,-0.000184053054281,2.70163171667
1459772546985124111,2845049,0.0,0.0,0.0,-0.00748900811584,0.00283508578971,2.82736090552
1459772547005635023,2457142,0.0,0.0,0.0,-0.0127312159592,0.00262509498372,3.01568333261
1459772547026277065,3015042,0.0,0.0,0.0,-0.0200813887976,0.00072959415912,3.0787344724
1459772547048727035,6484985,0.0,0.0,0.0,-0.0197601211925,-0.000795228033968,3.32974800924
1459772547066229104,2993106,0.0,0.0,0.0,-0.0145790826762,0.00142284854022,3.32955908964
1459772547085355997,3048897,0.0,0.0,0.0,-0.0186316451384,-0.00317329913218,3.58116460589
1459772547106208086,3918171,0.0,0.0,0.0,-0.0197868322145,-0.00161460111422,3.58109150461
1459772547125147104,2921105,0.0,0.0,0.0,-0.0157417304723,-0.00113017921431,3.8949419696
1459772547145138978,2886056,0.0,0.0,0.0,-0.013369601262,-0.00067229492376,3.70630690101
1459772547165568113,3296137,0.0,0.0,0.0,-0.00545660261861,0.000922994387954,3.76889511601
1459772547185698986,3237009,0.0,0.0,0.0,-0.0125796647611,-0.00189832078192,3.07858207073
1459772547205049991,2734899,0.0,0.0,0.0,-0.0217677873479,-0.00373358404578,3.45520964376
1459772547227914094,5017042,0.0,0.0,0.0,-0.0239221214922,-0.00275029158821,3.89428257419
1459772547245246887,2970934,0.0,0.0,0.0,-0.023386275459,-0.00265946789555,3.83127571404
1459772547265266895,2992869,0.0,0.0,0.0,-0.015796744602,0.00279409504678,4.33327752613
1459772547286055088,2855063,0.0,0.0,0.0,-0.0157804435172,0.00367820059176,4.52184031278
1459772547305407047,3119946,0.0,0.0,0.0,-0.0217050506392,0.00131252803613,4.33405153019
1459772547326356887,3202915,0.0,0.0,0.0,-0.0222295355604,0.00664832454641,4.64742261634
1459772547349379062,7184982,0.0,0.0,0.0,-0.0218534574333,0.00491474192461,4.45916114219
1459772547365061998,2827883,0.0,0.0,0.0,-0.0214356645209,0.00846475165624,4.64738526792
1459772547385837078,3281117,0.0,0.0,0.0,-0.00667857802908,0.0124029398539,4.33343899614
1459772547405699014,3288984,0.0,0.0,0.0,-0.0181724041606,0.010933259924,4.58475393813
1459772547425296068,2995014,0.0,0.0,0.0,-0.0222793841756,0.0107054892367,5.08683107427
1459772547446161031,3822088,0.0,0.0,0.0,-0.0269064440406,0.0134469502998,5.21259606997
1459772547465868949,3582000,0.0,0.0,0.0,-0.0364934088031,0.0133730113611,5.40105714318
1459772547485265970,2995968,0.0,0.0,0.0,-0.0404743344495,0.0139135894384,5.46370585797
1459772547505141019,2876997,0.0,0.0,0.0,-0.0469927690081,0.0126264934401,5.46376965406
1459772547525659084,3236056,0.0,0.0,0.0,-0.0344677429736,0.0155304911736,5.27537517241
1459772547545444965,3202915,0.0,0.0,0.0,-0.0392189886294,0.0146154238228,5.65207274652
1459772547565414905,3129959,0.0,0.0,0.0,-0.0273317978289,0.0166328253236,5.9034520738
1459772547586764097,3424168,0.0,0.0,0.0,-0.0293211343156,0.0176091824933,5.84078555961
1459772547607716083,4994154,0.0,0.0,0.0,-0.0389344521606,0.0179001078993,6.15454357226
1459772547626408100,4173994,0.0,0.0,0.0,-0.0339315764841,0.0184637161296,6.21728031667
1459772547645064115,2775192,0.0,0.0,0.0,-0.0322619199225,0.0201577125037,6.27997263262
1459772547665829896,3311872,0.0,0.0,0.0,-0.0398715382371,0.0186248338039,6.21725979891
1459772547686033010,3757000,0.0,0.0,0.0,-0.0281544576521,0.0233517097426,6.02903167779
1459772547706150054,3687143,0.0,0.0,0.0,-0.0199378813768,0.0238944380453,6.09181073356
1459772547725920915,3690004,0.0,0.0,0.0,-0.0216421135938,0.0242119402439,6.21716152616
1459772547748562097,6313086,0.0,0.0,0.0,-0.0257992457932,0.0249690493331,6.28012396071
1459772547767379999,5146981,0.0,0.0,0.0,-0.0253942239085,0.0254122873835,6.21708668318
1459772547785738945,3509045,0.0,0.0,0.0,-0.020856535196,0.0247933454835,6.02849439099
1459772547806179046,3868103,0.0,0.0,0.0,-0.0233904827519,0.0255993564299,5.9657750046
1459772547826263904,3961801,0.0,0.0,0.0,-0.0296152705297,0.0254665468635,5.58887324405
1459772547846414089,3053189,0.0,0.0,0.0,-0.0375405484292,0.0265784959507,5.46341946311
1459772547865091085,2840042,0.0,0.0,0.0,-0.0312859618348,0.0259608427947,5.58909177144
1459772547886169910,3937006,0.0,0.0,0.0,-0.0215355210168,0.0261826908142,5.58908668203
1459772547906017065,3720999,0.0,0.0,0.0,-0.0264298217486,0.026164610016,5.77764789646
1459772547926150083,3210068,0.0,0.0,0.0,-0.0150577822332,0.0254515822545,5.52632647037
1459772547945854902,3546953,0.0,0.0,0.0,-0.0235162948582,0.0262590480285,6.09157066426
1459772547966464996,4225016,0.0,0.0,0.0,-0.0251370256007,0.026670298287,5.83982977826
1459772548640223979,-342025042,0.0,0.0,0.0,-0.023616059196,0.0270551461933,5.83978360937
1459774204240067005,675917,0.0,0.0,0.0,0.0,0.0,0.0
1459774204299240112,250101,0.0,0.0,0.0,-0.00392407788002,-0.00401750412414,3.14164262673
1459774204300340890,433921,0.0,0.0,0.0,-0.00463349139726,-0.00401895293885,3.20442393403
1459774204301377058,532151,0.0,0.0,0.0,-0.00387526237918,-0.00401820209379,3.14156050303
1459774204320139884,541925,0.0,0.0,0.0,-0.00369946879941,-0.00402166199411,3.01592847104
1459774204340739011,415086,0.0,0.0,0.0,-0.00287767612902,-0.00402635726835,3.2043554781
1459774204360040903,437022,0.0,0.0,0.0,-0.00434195181553,-0.00402291552421,3.26722904636
1459774204380058050,442982,0.0,0.0,0.0,-0.0044841329106,-0.00402292876835,3.33004897349
1459774204443970918,811815,0.0,0.0,0.0,-0.00592863269431,-0.00402262707713,3.26725675751
1459774204445072889,481844,0.0,0.0,0.0,-0.00611447709117,-0.00402093075727,3.20438776541
1459774204446233987,509977,0.0,0.0,0.0,-0.00559498098621,-0.00401913919518,3.20436491293
1459774204504101991,602007,0.0,0.0,0.0,-0.00313675122227,-0.00401961972082,3.45566447011
1459774204506501913,859976,0.0,0.0,0.0,-0.00355060176664,-0.00401804657999,3.3928110087
1459774204508085966,446082,0.0,0.0,0.0,-0.00345220536078,-0.00402056870726,3.26714581321
1459774204519907951,340939,0.0,0.0,0.0,-0.00335236813524,-0.00401980547725,3.39281544288
1459774204540649890,347852,0.0,0.0,0.0,-0.00390479051788,-0.00401756435931,3.20433070129
1459774204560554027,354052,0.0,0.0,0.0,-0.00295825697982,-0.00401346296083,3.26719730513
1459774204581054925,479936,0.0,0.0,0.0,-0.00467390422562,-0.00401257150647,3.26719430479
1459774204600987911,365973,0.0,0.0,0.0,-0.00380411556789,-0.00401154256073,3.2043450326
1459774204620372056,518083,0.0,0.0,0.0,-0.00634849476964,-0.00401635511343,3.39280671017
1459774204640611886,1027822,0.0,0.0,0.0,-0.00634191457471,-0.00401486757955,3.20438947442
1459774204659914016,314951,0.0,0.0,0.0,-0.00613134278544,-0.00401508946227,3.33018243008
1459774204680609941,1041889,0.0,0.0,0.0,-0.00405026783282,-0.00401549691873,3.14168581224
1459774204700134992,530958,0.0,0.0,0.0,-0.002948395191,-0.00401463824709,3.07886417471
1459774204720077991,498056,0.0,0.0,0.0,-0.00316796662893,-0.00401473582593,3.07879171391
1459774204769984006,30319929,-37350174.5763,-146775166.004,0.539481271791,-3735017.46037,-14677516.6032,2.88130432415
1459774204777086019,6165028,-37350174.5763,-146775166.004,0.539481271791,-2241010.46557,-8806509.95794,2.67143392685
1459774204784369945,4837036,-37350174.5763,-146775166.004,0.539481271791,-1867508.71216,-7338758.29798,2.91719727678
1459774204806181907,6419897,-37350174.5763,-146775166.004,0.539481271791,-747003.469505,-2935503.31338,3.21497304602
1459774204824116945,4559040,-37350174.5763,-146775166.004,0.539481271791,0.0255898065773,0.00718323885746,3.20407316299
1459774204867417097,4022122,-37350174.5763,-146775166.004,0.539481271791,-3735017.43565,-14677516.5928,2.88118474367
1459774204874613046,5468130,-37350174.5763,-146775166.004,0.539481271791,-3735017.43105,-14677516.6011,2.94414128483
1459774204885847091,6278038,-37350174.5763,-146775166.004,0.539481271791,-4108519.18021,-16145268.2612,2.32154696086
1459774204906470060,6903172,-37350174.5763,-146775166.004,0.539481271791,-37350174.5812,-146775166.008,0.54172943517
1459774204924963951,5378008,-37350174.5763,-146775166.004,0.539481271791,-37350174.5827,-146775166.009,0.542080571899
1459774204947040081,7435084,-37350174.5763,-146775166.004,0.539481271791,-37350174.5799,-146775166.01,0.542064575084
1459774204970769882,6506920,-37350174.5763,-146775166.004,0.539481271791,-37350174.581,-146775166.011,0.541991263485
1459774204986819028,7277012,-37350174.5763,-146775166.004,0.539481271791,-37350174.5699,-146775166.011,0.541716675321
1459774205006309986,-993392944,-37350174.5763,-146775166.004,0.539481271791,-37350174.5721,-146775166.013,0.541803222694
1459774205025516033,5919934,-37350174.5763,-146775166.004,0.539481271791,-37350174.5706,-146775166.013,0.541649388377
1459774205044361114,4833221,-37350174.5763,-146775166.004,0.539481271791,-37350174.5727,-146775166.012,0.541631114334
1459774205066773891,7134914,-37350174.5763,-146775166.004,0.539481271791,-37350174.5722,-146775166.008,0.540875269664
1459774205085360050,5742073,-37350174.5763,-146775166.004,0.539481271791,-37350174.5741,-146775166.002,0.540495220908
1459774205105844974,6093025,-37350174.5763,-146775166.004,0.539481271791,-37350174.5702,-146775166.0,0.54034347032
1459774205126730918,7120847,-37350174.5763,-146775166.004,0.539481271791,-37350174.5735,-146775165.999,0.540453506045
1459774205145327091,5726099,-37350174.5763,-146775166.004,0.539481271791,-37350174.5716,-146775165.995,0.5403295112
1459774205165889024,6269932,-37350174.5763,-146775166.004,0.539481271791,-37350174.575,-146775165.993,0.54036662266
1459774205186613082,6860971,-37350174.5763,-146775166.004,0.539481271791,-37350174.5766,-146775165.991,0.540405014297
1459774205212050914,6664991,-37350174.5763,-146775166.004,0.539481271791,-37350174.5796,-146775165.99,0.540183104174
1459774205225410938,5841971,-37350174.5763,-146775166.004,0.539481271791,-37350174.5801,-146775165.987,0.539966216283
1459774205248944044,4256010,-37350174.5763,-146775166.004,0.539481271791,-37350174.5829,-146775165.985,0.540007740696
1459774205265805959,6124973,-37350174.5763,-146775166.004,0.539481271791,-37350174.584,-146775165.987,0.540003339829
1459774205285049915,5450964,-37350174.5763,-146775166.004,0.539481271791,-37350174.5794,-146775165.989,0.53993906106
1459774205305140972,5462885,-37350174.5763,-146775166.004,0.539481271791,-37350174.5804,-146775165.991,0.539916979532
1459774205332088947,5012036,-37350174.5763,-146775166.004,0.539481271791,-37350174.5756,-146775165.991,0.540106967911
1459774205345099925,4945993,-37350174.5763,-146774153.824,0.539481271791,-37350174.5737,-146775165.989,0.540121123581
1459774205363214969,3401995,-37350174.5763,-146774153.824,0.539481271791,-37350174.5739,-146775165.987,0.540088779233
1459774205390774011,3109932,-37350174.5763,-146774153.824,0.539481271791,-37350174.5753,-146775074.893,0.540010528833
1459774205433152914,2906800,-37350174.5763,-146774153.824,0.539481271791,-37350174.566,-146774153.829,0.54031969443
1459774205438092947,4189969,-37350174.5763,-146774153.824,0.539481271791,-37350174.5662,-146774153.831,0.540427393969
1459774205452824115,10491132,-37350174.5763,-146774153.824,0.539481271791,-37350174.5672,-146774153.833,0.540574092095
1459774205465611934,5404949,-37350174.5763,-146774153.824,0.539481271791,-37350174.5654,-146774153.834,0.540289377322
1459774205485141038,5584955,-37350174.5763,-146774153.824,0.539481271791,-37350174.5649,-146774153.833,0.540132908239
1459774205505125045,5550146,-37350174.5763,-146774153.824,0.539481271791,-37350174.5663,-146774153.833,0.5403965294
1459774205525819063,6225109,-37350174.5763,-146774153.824,0.539481271791,-37350174.5688,-146774153.835,0.540202409477
1459774205545180082,5622149,-37350174.5763,-146774153.824,0.539481271791,-37350174.5612,-146774153.83,0.540102345131
1459774205566004037,6401062,-37350174.5763,-146774153.824,0.539481271791,-37350174.5613,-146774153.825,0.539947595639
1459774205586218118,6527185,-37350174.5763,-146774153.824,0.539481271791,-37350174.56,-146774153.823,0.53978137176
1459774205605565071,5939961,-37350174.5763,-146774153.824,0.539481271791,-37350174.5579,-146774153.82,0.54041187752
1459774205625416994,5811930,-37350174.5763,-146774153.824,0.539481271791,-37350174.5565,-146774153.824,0.540447458232
1459774205645925045,6214142,-37350174.5763,-146774153.824,0.539481271791,-37350174.5557,-146774153.827,0.540204594497
1459774205666301012,6709099,-37350174.5763,-146774153.824,0.539481271791,-37350174.5596,-146774153.82,0.540030910287
1459774205685779094,6185055,-37350174.5763,-146774153.824,0.539481271791,-37350174.5603,-146774153.819,0.540163989205
1459774205707688093,7822037,-37350174.5763,-146774153.824,0.539481271791,-37350174.5598,-146774153.819,0.540112688588
1459774205726325988,6689071,-37350174.5763,-146774153.824,0.539481271791,-37350174.5603,-146774153.819,0.539907091445
1459774205745407104,5772114,-37350174.5763,-146774153.824,0.539481271791,-37350174.559,-146774153.819,0.540013262657
1459774205766189098,6532192,-37350174.5763,-146774153.824,0.539481271791,-37350174.5506,-146774153.814,0.540662462427
1459774205785896062,6296157,-37350174.5763,-146774153.824,0.539481271791,-37350174.5476,-146774153.811,0.540635246987
1459774205805819034,6250143,-37350174.5763,-146774153.824,0.539481271791,-37350174.5475,-146774153.808,0.540158268743
1459774205825550079,5931139,-37350174.5763,-146774153.824,0.539306738866,-37350174.5465,-146774153.809,0.54004178384
1459774205847306013,7715941,-37350174.5763,-146774153.824,0.539481271791,-37350174.5466,-146774153.808,0.539835971866
1459774205866441965,6628037,-37350174.5763,-146774153.824,0.539481271791,-37350174.5468,-146774153.806,0.540009996271
1459774205885839939,6242991,-37350174.5763,-146774153.824,0.539481271791,-37350174.5483,-146774153.808,0.540034746423
1459774205907444953,7586956,-37350174.5763,-146774153.824,0.539481271791,-37350174.5459,-146774153.805,0.540040212225
1459774205925925016,6262064,-37350174.5763,-146774153.824,0.539481271791,-37350174.546,-146774153.805,0.540095453327
1459774205947453975,7790088,-37350174.5763,-146774153.824,0.539481271791,-37350174.5472,-146774153.807,0.539982137108
1459774205965392112,5808115,-37350174.5763,-146774153.824,0.539481271791,-37350174.5482,-146774153.806,0.539728690773
1459774205986917018,7314920,-37350174.5763,-146774153.824,0.539481271791,-37350174.5484,-146774153.805,0.539770393736
1459774206006421089,-993350982,-37350174.5763,-146774153.824,0.539481271791,-37350174.5501,-146774153.803,0.539803606474
1459774206026958942,6655932,-37350174.5763,-146774153.824,0.539481271791,-37350174.5473,-146774153.8,0.539954200091
1459774206045671939,6000995,-37350174.5763,-146774153.824,0.539481271791,-37350174.5484,-146774153.798,0.539654104406
1459774206065638065,5938053,-37350174.5763,-146774153.824,0.539481271791,-37350174.5537,-146774153.804,0.539292441369
1459774206085741043,6132126,-37350174.5763,-146774153.824,0.539481271791,-37350174.5542,-146774153.804,0.539457238329
1459774206105997085,6384134,-37350174.5763,-146774153.824,0.539481271791,-37350174.5544,-146774153.804,0.539423800157
1459774206125819921,6244898,-37350174.5763,-146774153.824,0.539481271791,-37350174.5531,-146774153.802,0.539281429384
1459774206145957946,6351948,-37350174.5763,-146774153.824,0.539481271791,-37350174.5506,-146774153.804,0.539430729768
1459774206165704011,6128072,-37350174.5763,-146774153.824,0.539481271791,-37350174.5539,-146774153.803,0.539587085628
1459774206185734987,6056071,-37350174.5763,-146774153.824,0.539481271791,-37350174.5508,-146774153.801,0.539657417968
1459774206206422090,5513191,-37350174.5763,-146775166.004,0.539481271791,-37350174.5468,-146774153.802,0.539668609507
1459774206226708889,7075787,-37350174.5763,-146775166.004,0.539481271791,-37350174.545,-146774153.802,0.539538606786
1459774206244947910,5370856,-37350174.5763,-146775166.004,0.539481271791,-37350174.5488,-146774153.8,0.539217599708
1459774206265593051,6005048,-37350174.5763,-146775166.004,0.539481271791,-37350174.5489,-146774153.799,0.539234208634
1459774206285819053,6230116,-37350174.5763,-146775166.004,0.539481271791,-37350174.5444,-146774153.796,0.53898195714
1459774206306404113,6817102,-37350174.5763,-146775166.004,0.539481271791,-37350174.5401,-146774153.799,0.53921699361
1459774206326425075,6802082,-37350174.5763,-146775166.004,0.539481271791,-37350174.5397,-146774153.797,0.539086376381
1459774206342418909,2872944,-37350174.5763,-146775166.004,0.539306738866,-37350174.5394,-146774244.895,0.539060510468
1459774206363614082,3985167,-37350174.5763,-146775166.004,0.539306738866,-37350174.5396,-146774234.773,0.539008761163
1459774206383446931,3867864,-37350174.5763,-146775166.004,0.539306738866,-37350174.5705,-146775166.001,0.539543756069
1459774206403502941,3909827,-37350174.5763,-146775166.004,0.539306738866,-37350174.5736,-146775166.004,0.540000635789
1459774206429924964,5004882,-37350174.5763,-146775166.004,0.539481271791,-37350174.5737,-146775166.005,0.54009170118
1459774206466296911,6325007,-37350174.5763,-146775166.004,0.539481271791,-37350174.5731,-146775166.008,0.540083039801
1459774206493660926,26322841,-37349162.396,-146775166.004,0.539481271791,-37350174.5737,-146775166.013,0.540252504179
1459774206501470088,6338119,-37349162.396,-146775166.004,0.539481271791,-37350174.5735,-146775166.012,0.540397567391
1459774206507597923,4812002,-37349162.396,-146775166.004,0.539306738866,-37350174.5724,-146775166.015,0.540628590341
1459774206525979995,6402969,-37349162.396,-146775166.004,0.539481271791,-37350174.5737,-146775166.014,0.54023534433
1459774206545913934,6335020,-37349162.396,-146775166.004,0.539306738866,-37350174.576,-146775166.016,0.540395395322
1459774206566298007,6206989,-37349162.396,-146775166.004,0.539306738866,-37350174.5761,-146775166.015,0.540721059668
1459774206585629940,5990983,-37349162.396,-146775166.004,0.539306738866,-37350174.5793,-146775166.014,0.540669002015
1459774206605102062,5529166,-37349162.396,-146775166.004,0.539481271791,-37350174.5796,-146775166.013,0.5407162164
1459774206626599073,6911993,-37349162.396,-146775166.004,0.539306738866,-37350174.5747,-146775166.02,0.540891101982
1459774206646476030,6817103,-37349162.396,-146775166.004,0.539306738866,-37350174.5744,-146775166.02,0.541021303402
1459774206666632890,7072925,-37349162.396,-146775166.004,0.539306738866,-37350174.5769,-146775166.022,0.541365225523
1459774206685499906,5892992,-37349162.396,-146775166.004,0.539306738866,-37350174.5761,-146775166.028,0.541438117915
1459774206705528020,5926132,-37349162.396,-146775166.004,0.539306738866,-37350174.5756,-146775166.022,0.541022211196
1459774206726202964,6634950,-37349162.396,-146775166.004,0.539306738866,-37350174.575,-146775166.026,0.541323636834
1459774206742418050,2844095,-37349162.396,-146775166.004,0.539306738866,-37350174.5707,-146775166.022,0.541433259369
1459774206761598110,2003193,-37349162.396,-146775166.004,0.539306738866,-37350073.3523,-146775166.022,0.541299263836
1459774206785270929,5581856,-37349162.396,-146775166.004,0.539306738866,-37350042.9862,-146775166.02,0.5418211026
1459774206805773973,6181002,-37349162.396,-146775166.004,0.539306738866,-37350063.229,-146775166.021,0.541802976011
1459774206825357913,5765914,-37349162.396,-146775166.004,0.539306738866,-37350083.4688,-146775166.017,0.541685890097
1459774206848701953,6047010,-37349162.396,-146775166.004,0.539306738866,-37350154.3173,-146775166.015,0.54123675844
1459774206864361047,4665136,-37349162.396,-146775166.004,0.539306738866,-37350144.1982,-146775166.011,0.540967980326
1459774206884357929,4559040,-37349162.396,-146775166.004,0.539306738866,-37349162.4768,-146775166.003,0.540609734042
1459774206904927968,5162954,-37349162.396,-146775166.004,0.539306738866,-37349162.4769,-146775166.005,0.540545125752
1459774206925225973,5660057,-37349162.396,-146775166.004,0.539306738866,-37349162.4786,-146775166.005,0.540521620902
1459774206942806959,3241063,-37349162.396,-146775166.004,0.539306738866,-37349162.4806,-146775166.003,0.540546599415
1459774206965137958,5578041,-37349162.396,-146775166.004,0.539306738866,-37349162.4778,-146775166.003,0.540634712225
1459774206984390020,2739906,-37349162.396,-146774153.824,0.539306738866,-37349162.4698,-146775064.785,0.540481304422
1459774207015342950,3569841,-37349162.396,-146774153.824,0.539306738866,-37349162.4685,-146775044.544,0.540475634301
1459774207025762081,6128073,-37349162.396,-146774153.824,0.539306738866,-37349162.4029,-146774153.843,0.540215989294
1459774207045860052,6150961,-37349162.396,-146774153.824,0.539306738866,-37349162.4026,-146774153.844,0.540217900858
1459774207067893028,8255959,-37349162.396,-146774153.824,0.539306738866,-37349162.3996,-146774153.842,0.540062346296
1459774207085796117,6169080,-37349162.396,-146774153.824,0.539306738866,-37349162.3976,-146774153.842,0.539943123661
1459774207106302022,6743907,-37349162.396,-146774153.824,0.539306738866,-37349162.3957,-146774153.841,0.539808283476
1459774207125313997,5655051,-37348150.2157,-146773141.644,0.539306738866,-37349162.3953,-146774153.838,0.539636120083
1459774207146179914,6575823,-37348150.2157,-146773141.644,0.539306738866,-37349162.3915,-146774153.836,0.53988281704
1459774207163557052,3922939,-37348150.2157,-146773141.644,0.539306738866,-37349162.3866,-146774153.834,0.539589100946
1459774207181252002,1669884,-37348150.2157,-146773141.644,0.539306738866,-37349071.2899,-146774062.737,0.539503312514
1459774207203660011,4040957,-37348150.2157,-146773141.644,0.539306738866,-37348150.208,-146773141.662,0.539608997618
1459774207227000951,7397890,-37348150.2157,-146772129.463,0.539306738866,-37348150.2044,-146773141.666,0.539696986231
1459774207243572950,3943920,-37348150.2157,-146772129.463,0.539306738866,-37348150.2079,-146773141.67,0.539935133641
1459774207262265920,2658844,-37348150.2157,-146772129.463,0.539306738866,-37348150.2086,-146773040.449,0.539817299725
1459774207285908937,6342888,-37347138.0354,-146771117.283,0.539306738866,-37348150.2111,-146772989.839,0.539820345631
1459774207306432008,6890058,-37347138.0354,-146771117.283,0.539481271791,-37348150.2083,-146772979.717,0.539669006155
1459774207326011896,6466866,-37347138.0354,-146770105.103,0.539306738866,-37348150.2032,-146772959.475,0.539695930335
1459774207356637954,6587028,-37347138.0354,-146770105.103,0.539481271791,-37348150.2039,-146773010.085,0.539954352936
1459774207378412961,3449916,-37347138.0354,-146770105.103,0.539481271791,-37348150.2004,-146772929.105,0.539588772672
1459774207381697893,1575947,-37346125.8552,-146769092.922,0.539481271791,-37347947.7648,-146772534.35,0.539420975334
1459774207406493902,5908013,-37346125.8552,-146769092.922,0.539481271791,-37346125.8693,-146769092.917,0.539090547846
1459774207425652980,6098032,-37346125.8552,-146769092.922,0.539306738866,-37346125.8648,-146769092.912,0.539272130831
1459774207445810079,6184101,-37346125.8552,-146768080.742,0.539481271791,-37346125.8594,-146769092.906,0.539372063687
1459774207467053890,7463932,-37345113.6748,-146767068.562,0.539306738866,-37346125.8562,-146769092.901,0.539639012686
1459774207486133098,6565094,-37345113.6748,-146767068.562,0.539306738866,-37346125.853,-146769092.897,0.539947619754
1459774207506222963,6597042,-37345113.6748,-146766056.382,0.539481271791,-37346125.8469,-146769092.899,0.539870432621
1459774207525418996,5714893,-37345113.6748,-146766056.382,0.539481271791,-37346125.8443,-146769092.9,0.53943791131
1459774207546305894,6758928,-37344101.4945,-146765044.201,0.539481271791,-37346125.839,-146769092.904,0.539206834385
1459774207565500020,5815029,-37344101.4945,-146764032.021,0.539481271791,-37346125.8325,-146769092.898,0.539483890109
1459774207584884881,5285978,-37344101.4945,-146764032.021,0.539481271791,-37346125.8263,-146769092.889,0.540108569014
1459774207605370998,5793095,-37343089.3142,-146763019.841,0.539655804717,-37346125.8191,-146769092.877,0.540552473904
1459774207625929117,6370068,-37343089.3142,-146763019.841,0.539481271791,-37346125.8101,-146769092.871,0.540497598011
1459774207644392967,4786969,-37343089.3142,-146763019.841,0.539481271791,-37346125.8053,-146769092.875,0.540201801108
1459774207662179946,2534866,-37342077.1339,-146762007.66,0.539655804717,-37345822.1509,-146768384.351,0.54014625006
1459774207682949066,3123045,-37342077.1339,-146762007.66,0.539655804717,-37345791.7784,-146768313.5,0.540033093181
1459774207743534088,43926001,-37342077.1339,-146759983.3,0.539655804717,-37345457.7613,-146767746.678,0.540176422634
1459774207753034114,7459163,-37341064.9536,-146758971.119,0.539655804717,-37345417.274,-146767746.673,0.540041518611
1459774207762692928,7890940,-37341064.9536,-146758971.119,0.539655804717,-37345538.7281,-146767959.227,0.540134039078
1459774207771886110,8352995,-37341064.9536,-146757958.939,0.539655804717,-37345457.7547,-146767888.376,0.539740003725
1459774207785855054,6174087,-37341064.9536,-146757958.939,0.539655804717,-37345407.1426,-146767817.517,0.539820516489
1459774207806413888,6821870,-37340052.7734,-146755934.579,0.539655804717,-37345245.1892,-146767534.102,0.539731315352
1459774207825376033,5824089,-37339040.593,-146754922.398,0.539655804717,-37345083.2422,-146767250.693,0.539474847188
1459774207846406936,6769895,-37339040.593,-146753910.218,0.539830337642,-37344951.6575,-146767038.138,0.539058825495
1459774207865551948,5961895,-37338028.4127,-146753910.218,0.539830337642,-37344789.7057,-146766754.729,0.538984662148
1459774207885848999,6267071,-37338028.4127,-146751885.857,0.539830337642,-37344749.2103,-146766683.87,0.538843795902
1459774207906590938,7014990,-37337016.2324,-146750873.677,0.539830337642,-37344911.1419,-146766967.27,0.538568479247
1459774207922919034,3371954,-37337016.2324,-146750873.677,0.539830337642,-37345194.5413,-146767463.239,0.538229117995
1459774207943891048,4231930,-37336004.0521,-146748849.316,0.540004870567,-37344455.6524,-146765965.214,0.538402130158
1459774207963491916,3857851,-37336004.0521,-146748849.316,0.540004870567,-37343787.6135,-146764659.503,0.539105133761
1459774207981723070,2163172,-37336004.0521,-146747837.136,0.540004870567,-37342937.3831,-146762817.338,0.539293582685
1459774208006923913,-992693186,-37333979.6916,-146744800.595,0.540179403492,-37336004.052,-146747837.14,0.53988684244
1459774208026212930,6655931,-37332967.5112,-146741764.054,0.540179403492,-37336004.044,-146747837.129,0.539702514842
1459774208046547889,6850958,-37332967.5112,-146741764.054,0.540179403492,-37336004.0354,-146747837.121,0.539639067748
1459774208064102888,4505873,-37332967.5112,-146741764.054,0.540179403492,-37336004.0229,-146747837.118,0.539614623464
1459774208082253932,2616882,-37331955.3309,-146740751.874,0.540179403492,-37335639.6263,-146747199.437,0.539789069628
1459774208103313922,3732919,-37331955.3309,-146740751.874,0.540179403492,-37331955.3303,-146740751.856,0.540019765724
1459774208121603012,2026082,-37329930.9703,-146735690.972,0.540353936417,-37331752.8782,-146740245.758,0.540227034531
1459774208143719911,4137993,-37327906.6098,-146732654.432,0.540528469343,-37331428.9667,-146739618.199,0.540252469242
1459774208164014101,4157067,-37327906.6098,-146732654.432,0.540528469343,-37331550.4067,-146739861.109,0.540161350602
1459774208183408975,3802061,-37326894.4294,-146730630.071,0.540528469343,-37331084.7883,-146738950.14,0.540163054764
1459774208204617977,4632950,-37323857.8885,-146723544.809,0.540703002268,-37330932.9434,-146738666.718,0.540160740433
1459774208224019050,4431009,-37323857.8885,-146723544.809,0.540703002268,-37330882.3125,-146738514.875,0.540226981582
1459774208246273040,6567001,-37321833.528,-146719496.088,0.540877535193,-37330770.9493,-146738322.546,0.540040578347
1459774208265746116,5695104,-37319809.1673,-146716459.547,0.540877535193,-37330325.5672,-146737360.963,0.539910532009
1459774208322026014,7261038,-37319809.1673,-146716459.547,0.540877535193,-37329951.0425,-146736561.328,0.539968154169
1459774208341264963,16360045,-37315760.4462,-146708362.104,0.541052068118,-37330001.6211,-146736682.773,0.5401113961
1459774208349658012,7522106,-37313736.0855,-146703301.203,0.541226601043,-37329971.2275,-146736561.29,0.540194302805
1459774208357881069,6890059,-37313736.0855,-146703301.203,0.541401133969,-37330092.6555,-146736794.073,0.540071232187
1459774208365138053,5706071,-37311711.7249,-146699252.482,0.541575666894,-37329859.8308,-146736328.451,0.54019518067
1459774208385092973,5430937,-37311711.7249,-146699252.482,0.541575666894,-37330224.1801,-146737016.707,0.540258428091
1459774208405078887,5390882,-37311711.7249,-146699252.482,0.541575666894,-37330274.756,-146737077.414,0.539957237936
1459774208422719001,3133058,-37307663.0037,-146691155.039,0.541575666894,-37328250.3931,-146732998.328,0.540037878322
1459774208441811084,2156019,-37303614.2825,-146683057.597,0.541750199819,-37326327.2464,-146729091.313,0.540385989017
1459774208466849088,7038116,-37300577.7416,-146677996.695,0.541924732744,-37326438.5396,-146729364.578,0.540375090907
1459774208485923051,6273031,-37300577.7416,-146677996.695,0.541924732744,-37327308.9645,-146731176.345,0.53999454454
1459774208505714893,6116867,-37296529.0204,-146668887.073,0.542099265669,-37327946.5834,-146732471.899,0.539743400351
1459774208525439023,5764007,-37294504.6598,-146665850.532,0.542273798595,-37326296.7099,-146729101.333,0.540004918074
1459774208545392990,5723954,-37291468.1189,-146658765.27,0.54244833152,-37325588.1396,-146727724.746,0.540425722335
1459774208565557003,5872012,-37285395.0371,-146647631.286,0.542622864445,-37325132.6255,-146726803.644,0.540302736762
1459774208586914062,7266045,-37285395.0371,-146647631.286,0.542622864445,-37325345.1325,-146727117.387,0.541132116472
1459774208603199005,3588915,-37285395.0371,-146647631.286,0.542622864445,-37325071.7985,-146726520.177,0.541604204976
1459774208622729063,3149033,-37283370.6765,-146642570.385,0.54279739737,-37321205.29,-146718716.281,0.542006924936
1459774208641269922,1585961,-37281346.3159,-146639533.844,0.54279739737,-37316852.9454,-146710082.403,0.542132822031
1459774208701622962,20411968,-37274261.0538,-146624351.139,0.543146463221,-37311832.5635,-146699960.621,0.542275095093
1459774208709753036,7256985,-37274261.0538,-146624351.139,0.543146463221,-37314524.861,-146705456.695,0.541848560696
1459774208718301057,7334947,-37268187.972,-146612204.976,0.543495529071,-37312743.4011,-146701802.712,0.542425992394
1459774208726125955,6187916,-37266163.6114,-146609168.435,0.543495529071,-37309686.615,-146695739.751,0.542709116899
1459774208746332883,6652832,-37262114.8902,-146600058.812,0.543844594921,-37311862.7043,-146700102.185,0.54304684689
1459774208765686988,6041050,-37258066.169,-146592973.55,0.544019127847,-37316670.4199,-146709819.025,0.543097774996
1459774208785348892,5731821,-37258066.169,-146592973.55,0.544019127847,-37318208.8541,-146712906.121,0.543139381887
1459774208805423021,5911112,-37251993.0872,-146579815.206,0.544368193697,-37314220.8697,-146704828.924,0.543103859096
1459774208825768947,6245851,-37244907.8251,-146565644.682,0.544542726622,-37311204.5513,-146698816.565,0.543312762445
1459774208845702886,6061792,-37244907.8251,-146565644.682,0.544717259547,-37312935.2852,-146702278.165,0.543380024671
1459774208866492033,6899119,-37237822.563,-146551474.158,0.544891792473,-37313603.2486,-146703604.073,0.543493477811
1459774208885366916,5791902,-37237822.563,-146551474.158,0.544891792473,-37317277.3348,-146711033.397,0.543293544844
1459774208906879901,7272958,-37233773.8418,-146543376.715,0.545240858323,-37319423.0617,-146715365.465,0.543512763332
1459774208926322937,6733895,-37231749.4812,-146540340.175,0.545415391248,-37320991.8436,-146718493.047,0.543805910696
1459774208946249961,6672859,-37226688.5797,-146528194.011,0.545764457099,-37322044.4213,-146720689.424,0.542803191199
1459774208966291904,6613016,-37222639.8585,-146521108.749,0.545938990024,-37319817.5902,-146716276.296,0.542803792945
1459774208986754894,7123947,-37222639.8585,-146521108.749,0.545938990024,-37317530.0291,-146711691.106,0.543561989934
1459774209004055976,-995602131,-37214542.4161,-146504913.864,0.546462588799,-37313319.3733,-146703188.796,0.543532863745
1459774209025578975,5878925,-37212518.0555,-146500865.143,0.546462588799,-37317529.8952,-146711691.021,0.543584073639
1459774209048228979,8521080,-37206444.9737,-146488718.979,0.54681165465,-37317732.2611,-146712095.846,0.543307844075
1459774209065560102,6017208,-37202396.2525,-146480621.537,0.547335253425,-37321983.2684,-146720679.042,0.543345927457
1459774209085735082,6095171,-37202396.2525,-146480621.537,0.547335253425,-37322803.0585,-146722328.847,0.543741640406
1459774209107459068,7682085,-37193286.6298,-146463414.472,0.547684319276,-37321325.2181,-146719353.002,0.543766975896
1459774209125387907,5724907,-37191262.2692,-146459365.751,0.547684319276,-37322398.0314,-146721519.006,0.544284689511
1459774209145929098,6271124,-37185189.1874,-146446207.407,0.548033385126,-37323754.2615,-146724251.836,0.54465911172
1459774209165988922,5884886,-37180128.2859,-146438109.964,0.548382450977,-37323177.2558,-146723087.791,0.545350839187
1459774209186084032,6551981,-37180128.2859,-146438109.964,0.548382450977,-37326142.8228,-146729069.7,0.544715640174
1459774209206219911,6506920,-37172030.8435,-146419890.719,0.548906049752,-37326436.2648,-146729666.83,0.545557767089
1459774209227943897,6400824,-37172030.8435,-146419890.719,0.548906049752,-37327256.0423,-146731316.63,0.546082986664
1459774217338892936,1777887,0.0,0.0,0.0,0.0,0.0,0.0
1459774217371786117,317097,0.0,0.0,0.0,-0.000621552840716,0.00288253161165,3.33006841488
1459774217377929925,404834,0.0,0.0,0.0,-0.0003783748944,0.00288512425379,3.45561199332
1459774217397145032,314951,0.0,0.0,0.0,-1.45126368298e-05,0.00288204413859,3.58123097541
1459774217417186021,345945,0.0,0.0,0.0,-0.00118150246037,0.00288210170862,3.51839726093
1459774217437191009,345945,0.0,0.0,0.0,4.07109960837e-05,0.00288072876009,3.70693913238
1459774217457292079,415086,0.0,0.0,0.0,-7.56807104192e-06,0.00288376584261,3.706876072
1459774217477325916,475884,0.0,0.0,0.0,0.000888924472471,0.00288418942573,3.64398184648
1459774217497843980,403881,0.0,0.0,0.0,0.000488177471193,0.00288655169602,3.64394070439
1459774217517285108,426054,0.0,0.0,0.0,-0.000225912745174,0.0028871462261,3.70682775185
1459774217537220001,359059,0.0,0.0,0.0,-0.000357011185972,0.00289251988071,3.76962861931
1459774217557853937,254870,0.0,0.0,0.0,-0.00103635548662,0.00289022284151,3.51836254167
1459774217577621936,403881,0.0,0.0,0.0,-0.00061708558099,0.00288875859191,3.643992132
1459774217597970962,400066,0.0,0.0,0.0,-0.000171366721141,0.00289305010737,3.76961344437
1459774217617449998,606060,0.0,0.0,0.0,-0.00041811648111,0.00289764939009,3.76947702094
1459774217638006925,342846,0.0,0.0,0.0,-0.0012618768265,0.00289495063041,3.76948220214
1459774217704642057,662088,0.0,0.0,0.0,-0.00300112147507,0.00288993520641,3.83227348845
1459774217724127054,532151,0.0,0.0,0.0,-0.000477219822732,0.00289153172353,3.76939501696
1459774217744163990,545025,0.0,0.0,0.0,-0.00053959090025,0.0028888504634,3.76947389486
1459774217768117904,3740787,-37350174.5763,-146775166.004,0.539481271791,7.86497696494e-06,0.0028880634199,3.70669921504
1459774217793931961,4004002,-37350174.5763,-146775166.004,0.539481271791,-3361515.71427,-13209764.9391,3.18990787581
1459774217809307098,5704165,-37350174.5763,-146775166.004,0.539481271791,-3735017.46541,-14677516.5942,2.44197079654
1459774217828463077,4363060,-37350174.5763,-146775166.004,0.539481271791,-37350174.5646,-146775166.017,0.539940157746
1459774217849884033,6206990,-37350174.5763,-146775166.004,0.539481271791,-37350174.5633,-146775166.012,0.540300150543
1459774217867115020,3507137,-37350174.5763,-146775166.004,0.539481271791,-37350174.5682,-146775166.01,0.540376800096
1459774217887876033,4260063,-37350174.5763,-146775166.004,0.539481271791,-37350174.5709,-146775166.011,0.540118269221
1459774217906991004,3398895,-37350174.5763,-146775166.004,0.539481271791,-37350174.5772,-146775166.01,0.540071047666
1459774217928335905,4076004,-37350174.5763,-146775166.004,0.539481271791,-37350174.5795,-146775166.01,0.540272596416
1459774217949191093,5056143,-37350174.5763,-146775166.004,0.539481271791,-37350174.5804,-146775166.008,0.540258718285
1459774217967906951,4262924,-37350174.5763,-146775166.004,0.539481271791,-37350174.581,-146775166.005,0.540204208576
1459774217987178087,3509045,-37350174.5763,-146775166.004,0.539481271791,-37350174.5781,-146775166.001,0.540136732531
1459774218007999897,4441977,-37350174.5763,-146775166.004,0.539481271791,-37350174.5772,-146775166.001,0.539831233076
1459774218029670953,5468845,-37350174.5763,-146775166.004,0.539481271791,-37350174.5771,-146775166.004,0.53981210781
1459774218049200057,5385160,-37350174.5763,-146775166.004,0.539481271791,-37350174.5788,-146775166.001,0.539849761689
1459774218077028036,8660078,-37350174.5763,-146775166.004,0.539481271791,-37350174.5761,-146775166.0,0.539797324388
1459774218088017940,3520966,-37350174.5763,-146775166.004,0.539306738866,-37350174.5754,-146775166.001,0.539600515053
1459774218107712030,4113913,-37350174.5763,-146775166.004,0.539481271791,-37350174.5733,-146775166.002,0.53954942779
1459774218133137941,4608870,-37350174.5763,-146775166.004,0.539481271791,-37350174.5726,-146775166.002,0.539535032854
1459774218147700071,3204107,-37350174.5763,-146775166.004,0.539481271791,-37350174.5722,-146775166.001,0.539338577623
1459774218168536901,4721880,-37350174.5763,-146775166.004,0.539481271791,-37350174.5743,-146775166.0,0.539474500442
1459774218188334941,4866838,-37350174.5763,-146775166.004,0.539481271791,-37350174.5724,-146775166.001,0.539464062917
1459774218207293987,3490925,-37350174.5763,-146775166.004,0.539481271791,-37350174.5752,-146775166.004,0.539294094729
1459774218227545976,3719091,-37350174.5763,-146775166.004,0.539481271791,-37350174.5782,-146775166.004,0.539481878505
1459774218248111963,4566908,-37350174.5763,-146775166.004,0.539481271791,-37350174.5765,-146775166.002,0.53939497659
1459774218269613027,5990028,-37350174.5763,-146775166.004,0.539481271791,-37350174.5783,-146775166.001,0.539541051696
1459774218288608074,5009175,-37350174.5763,-146775166.004,0.539481271791,-37350174.5767,-146775165.999,0.539614745848
1459774218307723045,3853083,-37350174.5763,-146775166.004,0.539481271791,-37350174.574,-146775165.999,0.539534886355
1459774218327097892,3510952,-37350174.5763,-146775166.004,0.539481271791,-37350174.5782,-146775166.003,0.539403027087
1459774218347155094,3568173,-37350174.5763,-146775166.004,0.539481271791,-37350174.5768,-146775166.003,0.539613373039
1459774218367894887,4207849,-37350174.5763,-146775166.004,0.539481271791,-37350174.578,-146775166.0,0.539570547483
1459774218385406970,1744031,-37350174.5763,-146774153.824,0.539481271791,-37350174.5788,-146775064.783,0.539512958257
1459774218408390998,4753112,-37350174.5763,-146774153.824,0.539481271791,-37350174.5847,-146774153.831,0.53898401928
1459774218426579952,3085852,-37350174.5763,-146774153.824,0.539481271791,-37350174.5764,-146774153.827,0.539050090229
1459774218447244882,3652811,-37350174.5763,-146774153.824,0.539306738866,-37350174.5789,-146774153.825,0.539174764061
1459774218468027114,4444122,-37350174.5763,-146774153.824,0.539481271791,-37350174.5812,-146774153.824,0.539170949185
1459774218488126039,4388094,-37350174.5763,-146774153.824,0.539481271791,-37350174.5837,-146774153.826,0.539290539874
1459774218509723901,5779981,-37350174.5763,-146774153.824,0.539481271791,-37350174.5866,-146774153.822,0.538949058694
1459774218527689933,4101991,-37350174.5763,-146774153.824,0.539481271791,-37350174.5832,-146774153.82,0.539034316048
1459774218547630071,3910065,-37350174.5763,-146774153.824,0.539481271791,-37350174.5816,-146774153.821,0.539227383399
1459774218566746950,3149987,-37350174.5763,-146774153.824,0.539481271791,-37350174.5789,-146774153.818,0.539148398894
1459774218587749004,3283024,-37350174.5763,-146774153.824,0.539481271791,-37350174.5768,-146774153.819,0.539293544773
1459774218608006000,4292011,-37350174.5763,-146774153.824,0.539481271791,-37350174.5808,-146774153.818,0.539112620064
1459774218627182006,3499984,-37350174.5763,-146774153.824,0.539481271791,-37350174.5784,-146774153.817,0.53923960454
1459774218647533893,3107786,-37350174.5763,-146774153.824,0.539481271791,-37350174.5798,-146774153.821,0.539391550838
1459774218669529914,5864858,-37350174.5763,-146774153.824,0.539481271791,-37350174.5774,-146774153.82,0.539316554277
1459774218696820974,8178950,-37350174.5763,-146774153.824,0.539481271791,-37350174.5755,-146774153.819,0.539402054778
1459774218707961082,4204989,-37350174.5763,-146774153.824,0.539481271791,-37350174.5761,-146774153.82,0.537638636345
1459774218727394104,3818036,-37350174.5763,-146774153.824,0.539481271791,-37350174.5795,-146774153.826,0.539051920567
1459774218748518943,4870891,-37350174.5763,-146774153.824,0.539481271791,-37350174.5775,-146774153.818,0.537897927195
1459774218768307924,4649878,-37350174.5763,-146774153.824,0.539481271791,-37350174.5736,-146774153.815,0.538439980445
1459774218787440061,3574133,-37350174.5763,-146774153.824,0.539481271791,-37350174.5701,-146774153.806,0.539596320806
1459774218807794094,4232169,-37350174.5763,-146774153.824,0.539481271791,-37350174.5707,-146774153.81,0.539787286249
1459774218828094959,4449845,-37350174.5763,-146774153.824,0.539481271791,-37350174.5717,-146774153.816,0.539879153646
1459774218847518920,3917932,-37350174.5763,-146774153.824,0.539481271791,-37350174.5748,-146774153.82,0.53989650534
1459774218867594957,3999949,-37350174.5763,-146774153.824,0.539306738866,-37350174.575,-146774153.818,0.539779017598
1459774218887792110,4185200,-37350174.5763,-146774153.824,0.539481271791,-37350174.5751,-146774153.819,0.539721964381
1459774218906507968,2915859,-37350174.5763,-146774153.824,0.539481271791,-37350174.5761,-146774153.819,0.539574621056
1459774218927059888,3448963,-37350174.5763,-146774153.824,0.539481271791,-37350174.5759,-146774153.818,0.539439834951
1459774218947685003,3195048,-37350174.5763,-146774153.824,0.539481271791,-37350174.574,-146774153.822,0.539597030009
1459774218968287944,4580021,-37350174.5763,-146774153.824,0.539481271791,-37350174.5741,-146774153.819,0.539839810429
1459774218987278938,2944946,-37350174.5763,-146774153.824,0.539481271791,-37350174.5762,-146774153.819,0.539709673161
1459774219007170915,2784014,-37350174.5763,-146774153.824,0.539481271791,-37350174.5756,-146774153.822,0.539741466068
1459774219029551982,5125999,-37350174.5763,-146774153.824,0.539481271791,-37350174.5782,-146774153.824,0.539582821175
1459774219047560930,3775835,-37350174.5763,-146774153.824,0.539481271791,-37350174.5764,-146774153.826,0.539523114626
1459774219067770957,4088878,-37350174.5763,-146774153.824,0.539481271791,-37350174.5774,-146774153.829,0.539828538206
1459774219088093996,3516913,-37350174.5763,-146774153.824,0.539481271791,-37350174.5791,-146774153.828,0.539812974818
1459774219108007907,4387855,-37350174.5763,-146774153.824,0.539481271791,-37350174.5996,-146774153.825,0.537350589779
1459774219127010107,3372193,-37350174.5763,-146774153.824,0.539481271791,-37350174.5923,-146774153.823,0.537546831143
1459774219146421909,2871990,-37350174.5763,-146774153.824,0.539481271791,-37350174.5811,-146774153.817,0.538336454541
1459774219167784929,3239870,-37350174.5763,-146774153.824,0.539481271791,-37350174.5769,-146774153.818,0.538923063165
1459774219187683105,3146172,-37350174.5763,-146774153.824,0.539481271791,-37350174.5869,-146774153.82,0.538418620574
1459774219208122968,3512859,-37350174.5763,-146774153.824,0.539481271791,-37350174.5843,-146774153.823,0.538572070223
1459774219227628946,4076958,-37350174.5763,-146774153.824,0.539481271791,-37350174.5787,-146774153.82,0.539113858405
1459774219251987934,2353907,-37350174.5763,-146775166.004,0.539481271791,-37350174.5814,-146774255.039,0.539109132416
1459774219286253929,8167029,-37350174.5763,-146775166.004,0.539481271791,-37350174.5811,-146774214.551,0.53892317873
1459774219297542095,9085179,-37350174.5763,-146775166.004,0.539481271791,-37350174.5808,-146774163.943,0.539049399702
1459774219309680938,6052971,-37350174.5763,-146775166.004,0.539481271791,-37350174.6254,-146775166.04,0.536884521308
1459774219327219009,2831936,-37350174.5763,-146775166.004,0.539481271791,-37350174.5812,-146775166.007,0.539457708817
1459774219347426891,3799915,-37350174.5763,-146775166.004,0.539481271791,-37350174.5759,-146775165.994,0.538900528039
1459774219376630067,7083177,-37350174.5763,-146775166.004,0.539481271791,-37350174.5752,-146775166.003,0.539333740531
1459774219386708974,3134966,-37350174.5763,-146775166.004,0.539306738866,-37350174.5787,-146775165.993,0.538829616817
1459774219406778097,3189087,-37350174.5763,-146775166.004,0.539306738866,-37350174.5765,-146775165.998,0.538967866126
1459774219426738023,3186941,-37350174.5763,-146775166.004,0.539306738866,-37350174.5779,-146775166.0,0.539280846411
1459774219447657108,3307104,-37350174.5763,-146775166.004,0.539306738866,-37350174.5773,-146775166.001,0.539127313787
1459774219468674898,4890919,-37350174.5763,-146775166.004,0.539481271791,-37350174.5793,-146775166.002,0.539211166439
1459774219487387895,2943993,-37350174.5763,-146775166.004,0.539481271791,-37350174.5808,-146775166.008,0.539626065852
1459774219505316972,1649856,-37349162.396,-146775166.004,0.539481271791,-37350073.3619,-146775166.009,0.539444490263
1459774219529813051,6258011,-37349162.396,-146775166.004,0.539481271791,-37349162.3898,-146775166.007,0.53920949475
1459774219556166887,7099867,-37349162.396,-146775166.004,0.539306738866,-37349162.3973,-146775166.011,0.53969930101
1459774219566925048,3232956,-37349162.396,-146775166.004,0.539481271791,-37349162.3969,-146775166.011,0.53974139021
1459774219586958885,3391981,-37349162.396,-146775166.004,0.539306738866,-37349162.3986,-146775166.011,0.539644761574
1459774219606944084,3288031,-37349162.396,-146775166.004,0.539306738866,-37349162.4003,-146775166.011,0.539692885092
1459774219627151966,3488064,-37349162.396,-146775166.004,0.539306738866,-37349162.4003,-146775166.01,0.539571012608
1459774220268533945,-375122070,-37349162.396,-146775166.004,0.539481271791,-37349162.3973,-146775166.01,0.539564100873
